{
  "dim_768_cosine_accuracy@1": 0.21486570893191756,
  "dim_768_cosine_accuracy@3": 0.3560274828232355,
  "dim_768_cosine_accuracy@5": 0.4278575890068707,
  "dim_768_cosine_accuracy@10": 0.5334166146158651,
  "dim_768_cosine_precision@1": 0.21486570893191756,
  "dim_768_cosine_precision@3": 0.11867582760774516,
  "dim_768_cosine_precision@5": 0.08557151780137415,
  "dim_768_cosine_precision@10": 0.05334166146158651,
  "dim_768_cosine_recall@1": 0.21486570893191756,
  "dim_768_cosine_recall@3": 0.3560274828232355,
  "dim_768_cosine_recall@5": 0.4278575890068707,
  "dim_768_cosine_recall@10": 0.5334166146158651,
  "dim_768_cosine_ndcg@10": 0.3601752785153915,
  "dim_768_cosine_mrr@10": 0.3064694189147651,
  "dim_768_cosine_map@100": 0.31973638349132494,
  "dim_512_cosine_accuracy@1": 0.20861961274203622,
  "dim_512_cosine_accuracy@3": 0.35227982510930667,
  "dim_512_cosine_accuracy@5": 0.4091193004372267,
  "dim_512_cosine_accuracy@10": 0.5202998126171143,
  "dim_512_cosine_precision@1": 0.20861961274203622,
  "dim_512_cosine_precision@3": 0.11742660836976887,
  "dim_512_cosine_precision@5": 0.08182386008744534,
  "dim_512_cosine_precision@10": 0.05202998126171142,
  "dim_512_cosine_recall@1": 0.20861961274203622,
  "dim_512_cosine_recall@3": 0.35227982510930667,
  "dim_512_cosine_recall@5": 0.4091193004372267,
  "dim_512_cosine_recall@10": 0.5202998126171143,
  "dim_512_cosine_ndcg@10": 0.351458259168703,
  "dim_512_cosine_mrr@10": 0.29907473503663345,
  "dim_512_cosine_map@100": 0.3125776761144369,
  "dim_256_cosine_accuracy@1": 0.20861961274203622,
  "dim_256_cosine_accuracy@3": 0.33229231730168646,
  "dim_256_cosine_accuracy@5": 0.4028732042473454,
  "dim_256_cosine_accuracy@10": 0.4909431605246721,
  "dim_256_cosine_precision@1": 0.20861961274203622,
  "dim_256_cosine_precision@3": 0.11076410576722881,
  "dim_256_cosine_precision@5": 0.08057464084946908,
  "dim_256_cosine_precision@10": 0.0490943160524672,
  "dim_256_cosine_recall@1": 0.20861961274203622,
  "dim_256_cosine_recall@3": 0.33229231730168646,
  "dim_256_cosine_recall@5": 0.4028732042473454,
  "dim_256_cosine_recall@10": 0.4909431605246721,
  "dim_256_cosine_ndcg@10": 0.3381707270613261,
  "dim_256_cosine_mrr@10": 0.2906724963564434,
  "dim_256_cosine_map@100": 0.3059088131150995,
  "dim_128_cosine_accuracy@1": 0.18176139912554654,
  "dim_128_cosine_accuracy@3": 0.30356027482823233,
  "dim_128_cosine_accuracy@5": 0.3529044347282948,
  "dim_128_cosine_accuracy@10": 0.4415990006246096,
  "dim_128_cosine_precision@1": 0.18176139912554654,
  "dim_128_cosine_precision@3": 0.10118675827607745,
  "dim_128_cosine_precision@5": 0.07058088694565896,
  "dim_128_cosine_precision@10": 0.04415990006246096,
  "dim_128_cosine_recall@1": 0.18176139912554654,
  "dim_128_cosine_recall@3": 0.30356027482823233,
  "dim_128_cosine_recall@5": 0.3529044347282948,
  "dim_128_cosine_recall@10": 0.4415990006246096,
  "dim_128_cosine_ndcg@10": 0.3010490615019257,
  "dim_128_cosine_mrr@10": 0.2574645806688279,
  "dim_128_cosine_map@100": 0.27254036455777503,
  "dim_64_cosine_accuracy@1": 0.15115552779512806,
  "dim_64_cosine_accuracy@3": 0.2292317301686446,
  "dim_64_cosine_accuracy@5": 0.28419737663960026,
  "dim_64_cosine_accuracy@10": 0.37539038101186756,
  "dim_64_cosine_precision@1": 0.15115552779512806,
  "dim_64_cosine_precision@3": 0.07641057672288153,
  "dim_64_cosine_precision@5": 0.05683947532792005,
  "dim_64_cosine_precision@10": 0.03753903810118676,
  "dim_64_cosine_recall@1": 0.15115552779512806,
  "dim_64_cosine_recall@3": 0.2292317301686446,
  "dim_64_cosine_recall@5": 0.28419737663960026,
  "dim_64_cosine_recall@10": 0.37539038101186756,
  "dim_64_cosine_ndcg@10": 0.24760057638506436,
  "dim_64_cosine_mrr@10": 0.20874131247335467,
  "dim_64_cosine_map@100": 0.22375019240057453,
  "sequential_score": 0.22375019240057453
}