{
  "dim_768_cosine_accuracy@1": 0.27295440349781386,
  "dim_768_cosine_accuracy@3": 0.40724547158026236,
  "dim_768_cosine_accuracy@5": 0.4840724547158026,
  "dim_768_cosine_accuracy@10": 0.6183635227982511,
  "dim_768_cosine_precision@1": 0.27295440349781386,
  "dim_768_cosine_precision@3": 0.1357484905267541,
  "dim_768_cosine_precision@5": 0.09681449094316052,
  "dim_768_cosine_precision@10": 0.06183635227982511,
  "dim_768_cosine_recall@1": 0.27295440349781386,
  "dim_768_cosine_recall@3": 0.40724547158026236,
  "dim_768_cosine_recall@5": 0.4840724547158026,
  "dim_768_cosine_recall@10": 0.6183635227982511,
  "dim_768_cosine_ndcg@10": 0.4268909944986057,
  "dim_768_cosine_mrr@10": 0.36808393563546593,
  "dim_768_cosine_map@100": 0.3806563441919649,
  "dim_512_cosine_accuracy@1": 0.26670830730793255,
  "dim_512_cosine_accuracy@3": 0.4047470331043098,
  "dim_512_cosine_accuracy@5": 0.4797001873828857,
  "dim_512_cosine_accuracy@10": 0.594628357276702,
  "dim_512_cosine_precision@1": 0.26670830730793255,
  "dim_512_cosine_precision@3": 0.13491567770143661,
  "dim_512_cosine_precision@5": 0.09594003747657713,
  "dim_512_cosine_precision@10": 0.0594628357276702,
  "dim_512_cosine_recall@1": 0.26670830730793255,
  "dim_512_cosine_recall@3": 0.4047470331043098,
  "dim_512_cosine_recall@5": 0.4797001873828857,
  "dim_512_cosine_recall@10": 0.594628357276702,
  "dim_512_cosine_ndcg@10": 0.41492123223709854,
  "dim_512_cosine_mrr@10": 0.3594335881344001,
  "dim_512_cosine_map@100": 0.3726239418608036,
  "dim_256_cosine_accuracy@1": 0.26420986883198,
  "dim_256_cosine_accuracy@3": 0.3947532792004997,
  "dim_256_cosine_accuracy@5": 0.4684572142410993,
  "dim_256_cosine_accuracy@10": 0.5683947532792005,
  "dim_256_cosine_precision@1": 0.26420986883198,
  "dim_256_cosine_precision@3": 0.13158442640016654,
  "dim_256_cosine_precision@5": 0.09369144284821987,
  "dim_256_cosine_precision@10": 0.05683947532792005,
  "dim_256_cosine_recall@1": 0.26420986883198,
  "dim_256_cosine_recall@3": 0.3947532792004997,
  "dim_256_cosine_recall@5": 0.4684572142410993,
  "dim_256_cosine_recall@10": 0.5683947532792005,
  "dim_256_cosine_ndcg@10": 0.4025725796554487,
  "dim_256_cosine_mrr@10": 0.35120435640423103,
  "dim_256_cosine_map@100": 0.36471163054783307,
  "dim_128_cosine_accuracy@1": 0.22111180512179887,
  "dim_128_cosine_accuracy@3": 0.3541536539662711,
  "dim_128_cosine_accuracy@5": 0.4166146158650843,
  "dim_128_cosine_accuracy@10": 0.5271705184259837,
  "dim_128_cosine_precision@1": 0.22111180512179887,
  "dim_128_cosine_precision@3": 0.11805121798875702,
  "dim_128_cosine_precision@5": 0.08332292317301687,
  "dim_128_cosine_precision@10": 0.052717051842598374,
  "dim_128_cosine_recall@1": 0.22111180512179887,
  "dim_128_cosine_recall@3": 0.3541536539662711,
  "dim_128_cosine_recall@5": 0.4166146158650843,
  "dim_128_cosine_recall@10": 0.5271705184259837,
  "dim_128_cosine_ndcg@10": 0.35953489433703195,
  "dim_128_cosine_mrr@10": 0.30775259510424985,
  "dim_128_cosine_map@100": 0.3216518284866723,
  "dim_64_cosine_accuracy@1": 0.1736414740787008,
  "dim_64_cosine_accuracy@3": 0.28544659587757654,
  "dim_64_cosine_accuracy@5": 0.35540287320424735,
  "dim_64_cosine_accuracy@10": 0.4584634603372892,
  "dim_64_cosine_precision@1": 0.1736414740787008,
  "dim_64_cosine_precision@3": 0.09514886529252549,
  "dim_64_cosine_precision@5": 0.07108057464084946,
  "dim_64_cosine_precision@10": 0.045846346033728926,
  "dim_64_cosine_recall@1": 0.1736414740787008,
  "dim_64_cosine_recall@3": 0.28544659587757654,
  "dim_64_cosine_recall@5": 0.35540287320424735,
  "dim_64_cosine_recall@10": 0.4584634603372892,
  "dim_64_cosine_ndcg@10": 0.3001520260146165,
  "dim_64_cosine_mrr@10": 0.25139471362144633,
  "dim_64_cosine_map@100": 0.2656666856101905,
  "sequential_score": 0.2656666856101905
}