{
  "dim_768_cosine_accuracy@1": 0.3610243597751405,
  "dim_768_cosine_accuracy@3": 0.5496564647095565,
  "dim_768_cosine_accuracy@5": 0.6233603997501561,
  "dim_768_cosine_accuracy@10": 0.6958151155527795,
  "dim_768_cosine_precision@1": 0.3610243597751405,
  "dim_768_cosine_precision@3": 0.1832188215698522,
  "dim_768_cosine_precision@5": 0.12467207995003123,
  "dim_768_cosine_precision@10": 0.06958151155527793,
  "dim_768_cosine_recall@1": 0.3610243597751405,
  "dim_768_cosine_recall@3": 0.5496564647095565,
  "dim_768_cosine_recall@5": 0.6233603997501561,
  "dim_768_cosine_recall@10": 0.6958151155527795,
  "dim_768_cosine_ndcg@10": 0.5259239049736073,
  "dim_768_cosine_mrr@10": 0.47175971367101943,
  "dim_768_cosine_map@100": 0.4813614542574395,
  "dim_512_cosine_accuracy@1": 0.3610243597751405,
  "dim_512_cosine_accuracy@3": 0.5496564647095565,
  "dim_512_cosine_accuracy@5": 0.6233603997501561,
  "dim_512_cosine_accuracy@10": 0.6958151155527795,
  "dim_512_cosine_precision@1": 0.3610243597751405,
  "dim_512_cosine_precision@3": 0.1832188215698522,
  "dim_512_cosine_precision@5": 0.12467207995003123,
  "dim_512_cosine_precision@10": 0.06958151155527793,
  "dim_512_cosine_recall@1": 0.3610243597751405,
  "dim_512_cosine_recall@3": 0.5496564647095565,
  "dim_512_cosine_recall@5": 0.6233603997501561,
  "dim_512_cosine_recall@10": 0.6958151155527795,
  "dim_512_cosine_ndcg@10": 0.5259239049736073,
  "dim_512_cosine_mrr@10": 0.47175971367101943,
  "dim_512_cosine_map@100": 0.4813614542574395,
  "dim_256_cosine_accuracy@1": 0.35540287320424735,
  "dim_256_cosine_accuracy@3": 0.5459088069956277,
  "dim_256_cosine_accuracy@5": 0.6114928169893816,
  "dim_256_cosine_accuracy@10": 0.6939412866958151,
  "dim_256_cosine_precision@1": 0.35540287320424735,
  "dim_256_cosine_precision@3": 0.1819696023318759,
  "dim_256_cosine_precision@5": 0.12229856339787633,
  "dim_256_cosine_precision@10": 0.06939412866958151,
  "dim_256_cosine_recall@1": 0.35540287320424735,
  "dim_256_cosine_recall@3": 0.5459088069956277,
  "dim_256_cosine_recall@5": 0.6114928169893816,
  "dim_256_cosine_recall@10": 0.6939412866958151,
  "dim_256_cosine_ndcg@10": 0.521796421208676,
  "dim_256_cosine_mrr@10": 0.467078611582047,
  "dim_256_cosine_map@100": 0.47643721708960046,
  "dim_128_cosine_accuracy@1": 0.32854465958775764,
  "dim_128_cosine_accuracy@3": 0.4821986258588382,
  "dim_128_cosine_accuracy@5": 0.5421611492816989,
  "dim_128_cosine_accuracy@10": 0.6308557151780138,
  "dim_128_cosine_precision@1": 0.32854465958775764,
  "dim_128_cosine_precision@3": 0.1607328752862794,
  "dim_128_cosine_precision@5": 0.10843222985633978,
  "dim_128_cosine_precision@10": 0.06308557151780138,
  "dim_128_cosine_recall@1": 0.32854465958775764,
  "dim_128_cosine_recall@3": 0.4821986258588382,
  "dim_128_cosine_recall@5": 0.5421611492816989,
  "dim_128_cosine_recall@10": 0.6308557151780138,
  "dim_128_cosine_ndcg@10": 0.4715648064823426,
  "dim_128_cosine_mrr@10": 0.4215326730317362,
  "dim_128_cosine_map@100": 0.4330684388151613,
  "dim_64_cosine_accuracy@1": 0.2891942535915053,
  "dim_64_cosine_accuracy@3": 0.4372267332916927,
  "dim_64_cosine_accuracy@5": 0.509681449094316,
  "dim_64_cosine_accuracy@10": 0.6077451592754528,
  "dim_64_cosine_precision@1": 0.2891942535915053,
  "dim_64_cosine_precision@3": 0.14574224443056422,
  "dim_64_cosine_precision@5": 0.1019362898188632,
  "dim_64_cosine_precision@10": 0.060774515927545285,
  "dim_64_cosine_recall@1": 0.2891942535915053,
  "dim_64_cosine_recall@3": 0.4372267332916927,
  "dim_64_cosine_recall@5": 0.509681449094316,
  "dim_64_cosine_recall@10": 0.6077451592754528,
  "dim_64_cosine_ndcg@10": 0.43737443909889023,
  "dim_64_cosine_mrr@10": 0.38430172610372515,
  "dim_64_cosine_map@100": 0.39566857287266677,
  "sequential_score": 0.39566857287266677
}