{
  "dim_768_cosine_accuracy@1": 0.273125,
  "dim_768_cosine_accuracy@3": 0.4075,
  "dim_768_cosine_accuracy@5": 0.484375,
  "dim_768_cosine_accuracy@10": 0.61875,
  "dim_768_cosine_precision@1": 0.273125,
  "dim_768_cosine_precision@3": 0.13583333333333333,
  "dim_768_cosine_precision@5": 0.096875,
  "dim_768_cosine_precision@10": 0.061875,
  "dim_768_cosine_recall@1": 0.273125,
  "dim_768_cosine_recall@3": 0.4075,
  "dim_768_cosine_recall@5": 0.484375,
  "dim_768_cosine_recall@10": 0.61875,
  "dim_768_cosine_ndcg@10": 0.4271578013701673,
  "dim_768_cosine_mrr@10": 0.36831398809523813,
  "dim_768_cosine_map@100": 0.3808874040608036,
  "dim_512_cosine_accuracy@1": 0.266875,
  "dim_512_cosine_accuracy@3": 0.405,
  "dim_512_cosine_accuracy@5": 0.48,
  "dim_512_cosine_accuracy@10": 0.595,
  "dim_512_cosine_precision@1": 0.266875,
  "dim_512_cosine_precision@3": 0.135,
  "dim_512_cosine_precision@5": 0.096,
  "dim_512_cosine_precision@10": 0.05949999999999999,
  "dim_512_cosine_recall@1": 0.266875,
  "dim_512_cosine_recall@3": 0.405,
  "dim_512_cosine_recall@5": 0.48,
  "dim_512_cosine_recall@10": 0.595,
  "dim_512_cosine_ndcg@10": 0.41518055800724674,
  "dim_512_cosine_mrr@10": 0.35965823412698406,
  "dim_512_cosine_map@100": 0.3728568318244666,
  "dim_256_cosine_accuracy@1": 0.264375,
  "dim_256_cosine_accuracy@3": 0.395,
  "dim_256_cosine_accuracy@5": 0.46875,
  "dim_256_cosine_accuracy@10": 0.56875,
  "dim_256_cosine_precision@1": 0.264375,
  "dim_256_cosine_precision@3": 0.13166666666666665,
  "dim_256_cosine_precision@5": 0.09375,
  "dim_256_cosine_precision@10": 0.056875,
  "dim_256_cosine_recall@1": 0.264375,
  "dim_256_cosine_recall@3": 0.395,
  "dim_256_cosine_recall@5": 0.46875,
  "dim_256_cosine_recall@10": 0.56875,
  "dim_256_cosine_ndcg@10": 0.40282418751773336,
  "dim_256_cosine_mrr@10": 0.35142385912698365,
  "dim_256_cosine_map@100": 0.36493957531692545,
  "dim_128_cosine_accuracy@1": 0.22125,
  "dim_128_cosine_accuracy@3": 0.354375,
  "dim_128_cosine_accuracy@5": 0.416875,
  "dim_128_cosine_accuracy@10": 0.5275,
  "dim_128_cosine_precision@1": 0.22125,
  "dim_128_cosine_precision@3": 0.118125,
  "dim_128_cosine_precision@5": 0.083375,
  "dim_128_cosine_precision@10": 0.05274999999999999,
  "dim_128_cosine_recall@1": 0.22125,
  "dim_128_cosine_recall@3": 0.354375,
  "dim_128_cosine_recall@5": 0.416875,
  "dim_128_cosine_recall@10": 0.5275,
  "dim_128_cosine_ndcg@10": 0.3597596036459926,
  "dim_128_cosine_mrr@10": 0.30794494047619003,
  "dim_128_cosine_map@100": 0.32185286087947645,
  "dim_64_cosine_accuracy@1": 0.17375,
  "dim_64_cosine_accuracy@3": 0.285625,
  "dim_64_cosine_accuracy@5": 0.355625,
  "dim_64_cosine_accuracy@10": 0.45875,
  "dim_64_cosine_precision@1": 0.17375,
  "dim_64_cosine_precision@3": 0.09520833333333333,
  "dim_64_cosine_precision@5": 0.071125,
  "dim_64_cosine_precision@10": 0.045875000000000006,
  "dim_64_cosine_recall@1": 0.17375,
  "dim_64_cosine_recall@3": 0.285625,
  "dim_64_cosine_recall@5": 0.355625,
  "dim_64_cosine_recall@10": 0.45875,
  "dim_64_cosine_ndcg@10": 0.3003396210308756,
  "dim_64_cosine_mrr@10": 0.2515518353174598,
  "dim_64_cosine_map@100": 0.26582607835252664,
  "sequential_score": 0.26582607835252664
}